<annotation>
	<folder>dogs cats</folder>
	<filename>cd14.png</filename>
	<path>D:\jobs\internship\picture\dogs cats\cd14.png</path>
	<source>
		<database>Unknown</database>
	</source>
	<size>
		<width>1200</width>
		<height>480</height>
		<depth>3</depth>
	</size>
	<segmented>0</segmented>
	<object>
		<name>cat</name>
		<pose>Unspecified</pose>
		<truncated>0</truncated>
		<difficult>0</difficult>
		<bndbox>
			<xmin>189</xmin>
			<ymin>144</ymin>
			<xmax>535</xmax>
			<ymax>397</ymax>
		</bndbox>
	</object>
	<object>
		<name>dog</name>
		<pose>Unspecified</pose>
		<truncated>1</truncated>
		<difficult>0</difficult>
		<bndbox>
			<xmin>482</xmin>
			<ymin>1</ymin>
			<xmax>1011</xmax>
			<ymax>405</ymax>
		</bndbox>
	</object>
</annotation>
