<annotation>
	<folder>dogs cats</folder>
	<filename>cd15.jpg</filename>
	<path>D:\jobs\internship\picture\dogs cats\cd15.jpg</path>
	<source>
		<database>Unknown</database>
	</source>
	<size>
		<width>1024</width>
		<height>699</height>
		<depth>3</depth>
	</size>
	<segmented>0</segmented>
	<object>
		<name>cat</name>
		<pose>Unspecified</pose>
		<truncated>0</truncated>
		<difficult>0</difficult>
		<bndbox>
			<xmin>380</xmin>
			<ymin>5</ymin>
			<xmax>708</xmax>
			<ymax>386</ymax>
		</bndbox>
	</object>
	<object>
		<name>dog</name>
		<pose>Unspecified</pose>
		<truncated>0</truncated>
		<difficult>0</difficult>
		<bndbox>
			<xmin>436</xmin>
			<ymin>266</ymin>
			<xmax>963</xmax>
			<ymax>542</ymax>
		</bndbox>
	</object>
</annotation>
