<annotation>
	<folder>dogs cats</folder>
	<filename>cd2.jpg</filename>
	<path>D:\jobs\internship\picture\dogs cats\cd2.jpg</path>
	<source>
		<database>Unknown</database>
	</source>
	<size>
		<width>425</width>
		<height>280</height>
		<depth>3</depth>
	</size>
	<segmented>0</segmented>
	<object>
		<name>cat</name>
		<pose>Unspecified</pose>
		<truncated>0</truncated>
		<difficult>0</difficult>
		<bndbox>
			<xmin>162</xmin>
			<ymin>189</ymin>
			<xmax>254</xmax>
			<ymax>267</ymax>
		</bndbox>
	</object>
	<object>
		<name>dog</name>
		<pose>Unspecified</pose>
		<truncated>0</truncated>
		<difficult>0</difficult>
		<bndbox>
			<xmin>27</xmin>
			<ymin>18</ymin>
			<xmax>227</xmax>
			<ymax>190</ymax>
		</bndbox>
	</object>
</annotation>
