<annotation>
	<folder>dogs cats</folder>
	<filename>cd24.jpg</filename>
	<path>D:\jobs\internship\picture\dogs cats\cd24.jpg</path>
	<source>
		<database>Unknown</database>
	</source>
	<size>
		<width>499</width>
		<height>400</height>
		<depth>3</depth>
	</size>
	<segmented>0</segmented>
	<object>
		<name>cat</name>
		<pose>Unspecified</pose>
		<truncated>0</truncated>
		<difficult>0</difficult>
		<bndbox>
			<xmin>82</xmin>
			<ymin>66</ymin>
			<xmax>220</xmax>
			<ymax>205</ymax>
		</bndbox>
	</object>
	<object>
		<name>dog</name>
		<pose>Unspecified</pose>
		<truncated>0</truncated>
		<difficult>0</difficult>
		<bndbox>
			<xmin>288</xmin>
			<ymin>189</ymin>
			<xmax>456</xmax>
			<ymax>372</ymax>
		</bndbox>
	</object>
</annotation>
