<annotation>
	<folder>dogs cats</folder>
	<filename>cd26.jpg</filename>
	<path>D:\jobs\internship\picture\dogs cats\cd26.jpg</path>
	<source>
		<database>Unknown</database>
	</source>
	<size>
		<width>800</width>
		<height>675</height>
		<depth>3</depth>
	</size>
	<segmented>0</segmented>
	<object>
		<name>cat</name>
		<pose>Unspecified</pose>
		<truncated>0</truncated>
		<difficult>0</difficult>
		<bndbox>
			<xmin>402</xmin>
			<ymin>71</ymin>
			<xmax>619</xmax>
			<ymax>283</ymax>
		</bndbox>
	</object>
	<object>
		<name>dog</name>
		<pose>Unspecified</pose>
		<truncated>0</truncated>
		<difficult>0</difficult>
		<bndbox>
			<xmin>128</xmin>
			<ymin>185</ymin>
			<xmax>399</xmax>
			<ymax>407</ymax>
		</bndbox>
	</object>
</annotation>
