<annotation>
	<folder>dogs cats</folder>
	<filename>cd28.jpg</filename>
	<path>D:\jobs\internship\picture\dogs cats\cd28.jpg</path>
	<source>
		<database>Unknown</database>
	</source>
	<size>
		<width>564</width>
		<height>520</height>
		<depth>3</depth>
	</size>
	<segmented>0</segmented>
	<object>
		<name>cat</name>
		<pose>Unspecified</pose>
		<truncated>0</truncated>
		<difficult>0</difficult>
		<bndbox>
			<xmin>299</xmin>
			<ymin>326</ymin>
			<xmax>431</xmax>
			<ymax>427</ymax>
		</bndbox>
	</object>
	<object>
		<name>dog</name>
		<pose>Unspecified</pose>
		<truncated>0</truncated>
		<difficult>0</difficult>
		<bndbox>
			<xmin>133</xmin>
			<ymin>245</ymin>
			<xmax>307</xmax>
			<ymax>474</ymax>
		</bndbox>
	</object>
	<object>
		<name>dog</name>
		<pose>Unspecified</pose>
		<truncated>0</truncated>
		<difficult>0</difficult>
		<bndbox>
			<xmin>3</xmin>
			<ymin>221</ymin>
			<xmax>171</xmax>
			<ymax>453</ymax>
		</bndbox>
	</object>
</annotation>
