<annotation>
	<folder>dogs cats</folder>
	<filename>cd33.jpg</filename>
	<path>D:\jobs\internship\picture\dogs cats\cd33.jpg</path>
	<source>
		<database>Unknown</database>
	</source>
	<size>
		<width>850</width>
		<height>477</height>
		<depth>3</depth>
	</size>
	<segmented>0</segmented>
	<object>
		<name>cat</name>
		<pose>Unspecified</pose>
		<truncated>0</truncated>
		<difficult>0</difficult>
		<bndbox>
			<xmin>117</xmin>
			<ymin>97</ymin>
			<xmax>355</xmax>
			<ymax>291</ymax>
		</bndbox>
	</object>
	<object>
		<name>dog</name>
		<pose>Unspecified</pose>
		<truncated>1</truncated>
		<difficult>0</difficult>
		<bndbox>
			<xmin>360</xmin>
			<ymin>1</ymin>
			<xmax>758</xmax>
			<ymax>354</ymax>
		</bndbox>
	</object>
</annotation>
