<annotation>
	<folder>dogs cats</folder>
	<filename>cd36.jpg</filename>
	<path>D:\jobs\internship\picture\dogs cats\cd36.jpg</path>
	<source>
		<database>Unknown</database>
	</source>
	<size>
		<width>1024</width>
		<height>684</height>
		<depth>3</depth>
	</size>
	<segmented>0</segmented>
	<object>
		<name>cat</name>
		<pose>Unspecified</pose>
		<truncated>0</truncated>
		<difficult>0</difficult>
		<bndbox>
			<xmin>353</xmin>
			<ymin>325</ymin>
			<xmax>588</xmax>
			<ymax>526</ymax>
		</bndbox>
	</object>
	<object>
		<name>dog</name>
		<pose>Unspecified</pose>
		<truncated>0</truncated>
		<difficult>0</difficult>
		<bndbox>
			<xmin>443</xmin>
			<ymin>74</ymin>
			<xmax>705</xmax>
			<ymax>282</ymax>
		</bndbox>
	</object>
</annotation>
