<annotation>
	<folder>dogs cats</folder>
	<filename>cd37.jpg</filename>
	<path>D:\jobs\internship\picture\dogs cats\cd37.jpg</path>
	<source>
		<database>Unknown</database>
	</source>
	<size>
		<width>600</width>
		<height>398</height>
		<depth>3</depth>
	</size>
	<segmented>0</segmented>
	<object>
		<name>cat</name>
		<pose>Unspecified</pose>
		<truncated>0</truncated>
		<difficult>0</difficult>
		<bndbox>
			<xmin>257</xmin>
			<ymin>76</ymin>
			<xmax>403</xmax>
			<ymax>271</ymax>
		</bndbox>
	</object>
	<object>
		<name>dog</name>
		<pose>Unspecified</pose>
		<truncated>1</truncated>
		<difficult>0</difficult>
		<bndbox>
			<xmin>1</xmin>
			<ymin>1</ymin>
			<xmax>272</xmax>
			<ymax>255</ymax>
		</bndbox>
	</object>
</annotation>
