<annotation>
	<folder>dogs cats</folder>
	<filename>cd41.jpg</filename>
	<path>D:\jobs\internship\picture\dogs cats\cd41.jpg</path>
	<source>
		<database>Unknown</database>
	</source>
	<size>
		<width>600</width>
		<height>440</height>
		<depth>3</depth>
	</size>
	<segmented>0</segmented>
	<object>
		<name>cat</name>
		<pose>Unspecified</pose>
		<truncated>0</truncated>
		<difficult>0</difficult>
		<bndbox>
			<xmin>131</xmin>
			<ymin>177</ymin>
			<xmax>307</xmax>
			<ymax>321</ymax>
		</bndbox>
	</object>
	<object>
		<name>dog</name>
		<pose>Unspecified</pose>
		<truncated>0</truncated>
		<difficult>0</difficult>
		<bndbox>
			<xmin>206</xmin>
			<ymin>24</ymin>
			<xmax>465</xmax>
			<ymax>236</ymax>
		</bndbox>
	</object>
</annotation>
