<annotation>
	<folder>dogs cats</folder>
	<filename>cd45.jpg</filename>
	<path>D:\jobs\internship\picture\dogs cats\cd45.jpg</path>
	<source>
		<database>Unknown</database>
	</source>
	<size>
		<width>1440</width>
		<height>560</height>
		<depth>3</depth>
	</size>
	<segmented>0</segmented>
	<object>
		<name>dog</name>
		<pose>Unspecified</pose>
		<truncated>0</truncated>
		<difficult>0</difficult>
		<bndbox>
			<xmin>184</xmin>
			<ymin>4</ymin>
			<xmax>751</xmax>
			<ymax>521</ymax>
		</bndbox>
	</object>
	<object>
		<name>cat</name>
		<pose>Unspecified</pose>
		<truncated>0</truncated>
		<difficult>0</difficult>
		<bndbox>
			<xmin>681</xmin>
			<ymin>28</ymin>
			<xmax>1255</xmax>
			<ymax>505</ymax>
		</bndbox>
	</object>
</annotation>
