<annotation>
	<folder>dogs cats</folder>
	<filename>cd46.jpg</filename>
	<path>D:\jobs\internship\picture\dogs cats\cd46.jpg</path>
	<source>
		<database>Unknown</database>
	</source>
	<size>
		<width>644</width>
		<height>429</height>
		<depth>3</depth>
	</size>
	<segmented>0</segmented>
	<object>
		<name>cat</name>
		<pose>Unspecified</pose>
		<truncated>0</truncated>
		<difficult>0</difficult>
		<bndbox>
			<xmin>270</xmin>
			<ymin>122</ymin>
			<xmax>446</xmax>
			<ymax>292</ymax>
		</bndbox>
	</object>
	<object>
		<name>dog</name>
		<pose>Unspecified</pose>
		<truncated>0</truncated>
		<difficult>0</difficult>
		<bndbox>
			<xmin>52</xmin>
			<ymin>58</ymin>
			<xmax>279</xmax>
			<ymax>258</ymax>
		</bndbox>
	</object>
</annotation>
