<annotation>
	<folder>dogs cats</folder>
	<filename>cd50.jpg</filename>
	<path>D:\jobs\internship\picture\dogs cats\cd50.jpg</path>
	<source>
		<database>Unknown</database>
	</source>
	<size>
		<width>450</width>
		<height>367</height>
		<depth>3</depth>
	</size>
	<segmented>0</segmented>
	<object>
		<name>dog</name>
		<pose>Unspecified</pose>
		<truncated>0</truncated>
		<difficult>0</difficult>
		<bndbox>
			<xmin>121</xmin>
			<ymin>12</ymin>
			<xmax>322</xmax>
			<ymax>180</ymax>
		</bndbox>
	</object>
	<object>
		<name>cat</name>
		<pose>Unspecified</pose>
		<truncated>0</truncated>
		<difficult>0</difficult>
		<bndbox>
			<xmin>268</xmin>
			<ymin>126</ymin>
			<xmax>391</xmax>
			<ymax>223</ymax>
		</bndbox>
	</object>
</annotation>
