<annotation>
	<folder>dogs cats</folder>
	<filename>cd6.jpg</filename>
	<path>D:\jobs\internship\picture\dogs cats\cd6.jpg</path>
	<source>
		<database>Unknown</database>
	</source>
	<size>
		<width>1050</width>
		<height>700</height>
		<depth>3</depth>
	</size>
	<segmented>0</segmented>
	<object>
		<name>cat</name>
		<pose>Unspecified</pose>
		<truncated>0</truncated>
		<difficult>0</difficult>
		<bndbox>
			<xmin>329</xmin>
			<ymin>270</ymin>
			<xmax>519</xmax>
			<ymax>425</ymax>
		</bndbox>
	</object>
	<object>
		<name>dog</name>
		<pose>Unspecified</pose>
		<truncated>0</truncated>
		<difficult>0</difficult>
		<bndbox>
			<xmin>458</xmin>
			<ymin>89</ymin>
			<xmax>746</xmax>
			<ymax>361</ymax>
		</bndbox>
	</object>
</annotation>
