<annotation>
	<folder>dogs cats</folder>
	<filename>cd62.jpg</filename>
	<path>D:\jobs\internship\picture\dogs cats\cd62.jpg</path>
	<source>
		<database>Unknown</database>
	</source>
	<size>
		<width>1077</width>
		<height>555</height>
		<depth>3</depth>
	</size>
	<segmented>0</segmented>
	<object>
		<name>cat</name>
		<pose>Unspecified</pose>
		<truncated>0</truncated>
		<difficult>0</difficult>
		<bndbox>
			<xmin>450</xmin>
			<ymin>58</ymin>
			<xmax>721</xmax>
			<ymax>341</ymax>
		</bndbox>
	</object>
	<object>
		<name>dog</name>
		<pose>Unspecified</pose>
		<truncated>0</truncated>
		<difficult>0</difficult>
		<bndbox>
			<xmin>113</xmin>
			<ymin>113</ymin>
			<xmax>463</xmax>
			<ymax>474</ymax>
		</bndbox>
	</object>
</annotation>
