<annotation>
	<folder>dogs cats</folder>
	<filename>cd65.png</filename>
	<path>D:\jobs\internship\picture\dogs cats\cd65.png</path>
	<source>
		<database>Unknown</database>
	</source>
	<size>
		<width>435</width>
		<height>397</height>
		<depth>3</depth>
	</size>
	<segmented>0</segmented>
	<object>
		<name>cat</name>
		<pose>Unspecified</pose>
		<truncated>0</truncated>
		<difficult>0</difficult>
		<bndbox>
			<xmin>103</xmin>
			<ymin>156</ymin>
			<xmax>217</xmax>
			<ymax>242</ymax>
		</bndbox>
	</object>
	<object>
		<name>dog</name>
		<pose>Unspecified</pose>
		<truncated>0</truncated>
		<difficult>0</difficult>
		<bndbox>
			<xmin>164</xmin>
			<ymin>39</ymin>
			<xmax>325</xmax>
			<ymax>158</ymax>
		</bndbox>
	</object>
</annotation>
