<annotation>
	<folder>dogs cats</folder>
	<filename>cd70.jpg</filename>
	<path>D:\jobs\internship\picture\dogs cats\cd70.jpg</path>
	<source>
		<database>Unknown</database>
	</source>
	<size>
		<width>800</width>
		<height>534</height>
		<depth>3</depth>
	</size>
	<segmented>0</segmented>
	<object>
		<name>dog</name>
		<pose>Unspecified</pose>
		<truncated>0</truncated>
		<difficult>0</difficult>
		<bndbox>
			<xmin>235</xmin>
			<ymin>96</ymin>
			<xmax>439</xmax>
			<ymax>282</ymax>
		</bndbox>
	</object>
	<object>
		<name>cat</name>
		<pose>Unspecified</pose>
		<truncated>0</truncated>
		<difficult>0</difficult>
		<bndbox>
			<xmin>374</xmin>
			<ymin>200</ymin>
			<xmax>553</xmax>
			<ymax>384</ymax>
		</bndbox>
	</object>
</annotation>
