<annotation>
	<folder>dogs cats</folder>
	<filename>cd12.jpg</filename>
	<path>D:\jobs\internship\picture\dogs cats\cd12.jpg</path>
	<source>
		<database>Unknown</database>
	</source>
	<size>
		<width>931</width>
		<height>524</height>
		<depth>3</depth>
	</size>
	<segmented>0</segmented>
	<object>
		<name>dog</name>
		<pose>Unspecified</pose>
		<truncated>0</truncated>
		<difficult>0</difficult>
		<bndbox>
			<xmin>138</xmin>
			<ymin>60</ymin>
			<xmax>523</xmax>
			<ymax>460</ymax>
		</bndbox>
	</object>
	<object>
		<name>cat</name>
		<pose>Unspecified</pose>
		<truncated>0</truncated>
		<difficult>0</difficult>
		<bndbox>
			<xmin>474</xmin>
			<ymin>193</ymin>
			<xmax>680</xmax>
			<ymax>445</ymax>
		</bndbox>
	</object>
</annotation>
