<annotation>
	<folder>dogs cats</folder>
	<filename>cd17.jpg</filename>
	<path>D:\jobs\internship\picture\dogs cats\cd17.jpg</path>
	<source>
		<database>Unknown</database>
	</source>
	<size>
		<width>1024</width>
		<height>768</height>
		<depth>3</depth>
	</size>
	<segmented>0</segmented>
	<object>
		<name>cat</name>
		<pose>Unspecified</pose>
		<truncated>0</truncated>
		<difficult>0</difficult>
		<bndbox>
			<xmin>156</xmin>
			<ymin>172</ymin>
			<xmax>482</xmax>
			<ymax>403</ymax>
		</bndbox>
	</object>
	<object>
		<name>dog</name>
		<pose>Unspecified</pose>
		<truncated>0</truncated>
		<difficult>0</difficult>
		<bndbox>
			<xmin>458</xmin>
			<ymin>56</ymin>
			<xmax>969</xmax>
			<ymax>719</ymax>
		</bndbox>
	</object>
</annotation>
