<annotation>
	<folder>dogs cats</folder>
	<filename>cd20.jpg</filename>
	<path>D:\jobs\internship\picture\dogs cats\cd20.jpg</path>
	<source>
		<database>Unknown</database>
	</source>
	<size>
		<width>800</width>
		<height>597</height>
		<depth>3</depth>
	</size>
	<segmented>0</segmented>
	<object>
		<name>cat</name>
		<pose>Unspecified</pose>
		<truncated>0</truncated>
		<difficult>0</difficult>
		<bndbox>
			<xmin>469</xmin>
			<ymin>61</ymin>
			<xmax>766</xmax>
			<ymax>408</ymax>
		</bndbox>
	</object>
	<object>
		<name>dog</name>
		<pose>Unspecified</pose>
		<truncated>0</truncated>
		<difficult>0</difficult>
		<bndbox>
			<xmin>172</xmin>
			<ymin>54</ymin>
			<xmax>479</xmax>
			<ymax>444</ymax>
		</bndbox>
	</object>
</annotation>
