<annotation>
	<folder>dogs cats</folder>
	<filename>cd22.jpg</filename>
	<path>D:\jobs\internship\picture\dogs cats\cd22.jpg</path>
	<source>
		<database>Unknown</database>
	</source>
	<size>
		<width>1000</width>
		<height>677</height>
		<depth>3</depth>
	</size>
	<segmented>0</segmented>
	<object>
		<name>cat</name>
		<pose>Unspecified</pose>
		<truncated>0</truncated>
		<difficult>0</difficult>
		<bndbox>
			<xmin>495</xmin>
			<ymin>115</ymin>
			<xmax>757</xmax>
			<ymax>365</ymax>
		</bndbox>
	</object>
	<object>
		<name>dog</name>
		<pose>Unspecified</pose>
		<truncated>0</truncated>
		<difficult>0</difficult>
		<bndbox>
			<xmin>149</xmin>
			<ymin>2</ymin>
			<xmax>495</xmax>
			<ymax>409</ymax>
		</bndbox>
	</object>
</annotation>
