<annotation>
	<folder>dogs cats</folder>
	<filename>cd23.jpg</filename>
	<path>D:\jobs\internship\picture\dogs cats\cd23.jpg</path>
	<source>
		<database>Unknown</database>
	</source>
	<size>
		<width>800</width>
		<height>800</height>
		<depth>3</depth>
	</size>
	<segmented>0</segmented>
	<object>
		<name>dog</name>
		<pose>Unspecified</pose>
		<truncated>0</truncated>
		<difficult>0</difficult>
		<bndbox>
			<xmin>286</xmin>
			<ymin>53</ymin>
			<xmax>757</xmax>
			<ymax>440</ymax>
		</bndbox>
	</object>
	<object>
		<name>cat</name>
		<pose>Unspecified</pose>
		<truncated>0</truncated>
		<difficult>0</difficult>
		<bndbox>
			<xmin>34</xmin>
			<ymin>204</ymin>
			<xmax>285</xmax>
			<ymax>466</ymax>
		</bndbox>
	</object>
</annotation>
