<annotation>
	<folder>dogs cats</folder>
	<filename>cd25.png</filename>
	<path>D:\jobs\internship\picture\dogs cats\cd25.png</path>
	<source>
		<database>Unknown</database>
	</source>
	<size>
		<width>710</width>
		<height>533</height>
		<depth>3</depth>
	</size>
	<segmented>0</segmented>
	<object>
		<name>cat</name>
		<pose>Unspecified</pose>
		<truncated>0</truncated>
		<difficult>0</difficult>
		<bndbox>
			<xmin>147</xmin>
			<ymin>223</ymin>
			<xmax>323</xmax>
			<ymax>397</ymax>
		</bndbox>
	</object>
	<object>
		<name>dog</name>
		<pose>Unspecified</pose>
		<truncated>0</truncated>
		<difficult>0</difficult>
		<bndbox>
			<xmin>405</xmin>
			<ymin>61</ymin>
			<xmax>590</xmax>
			<ymax>247</ymax>
		</bndbox>
	</object>
</annotation>
