<annotation>
	<folder>dogs cats</folder>
	<filename>cd27.jpg</filename>
	<path>D:\jobs\internship\picture\dogs cats\cd27.jpg</path>
	<source>
		<database>Unknown</database>
	</source>
	<size>
		<width>626</width>
		<height>597</height>
		<depth>3</depth>
	</size>
	<segmented>0</segmented>
	<object>
		<name>cat</name>
		<pose>Unspecified</pose>
		<truncated>0</truncated>
		<difficult>0</difficult>
		<bndbox>
			<xmin>162</xmin>
			<ymin>186</ymin>
			<xmax>341</xmax>
			<ymax>339</ymax>
		</bndbox>
	</object>
	<object>
		<name>dog</name>
		<pose>Unspecified</pose>
		<truncated>0</truncated>
		<difficult>0</difficult>
		<bndbox>
			<xmin>297</xmin>
			<ymin>47</ymin>
			<xmax>505</xmax>
			<ymax>237</ymax>
		</bndbox>
	</object>
</annotation>
