<annotation>
	<folder>dogs cats</folder>
	<filename>cd32.jpg</filename>
	<path>D:\jobs\internship\picture\dogs cats\cd32.jpg</path>
	<source>
		<database>Unknown</database>
	</source>
	<size>
		<width>1023</width>
		<height>769</height>
		<depth>3</depth>
	</size>
	<segmented>0</segmented>
	<object>
		<name>cat</name>
		<pose>Unspecified</pose>
		<truncated>0</truncated>
		<difficult>0</difficult>
		<bndbox>
			<xmin>601</xmin>
			<ymin>88</ymin>
			<xmax>822</xmax>
			<ymax>321</ymax>
		</bndbox>
	</object>
	<object>
		<name>dog</name>
		<pose>Unspecified</pose>
		<truncated>0</truncated>
		<difficult>0</difficult>
		<bndbox>
			<xmin>189</xmin>
			<ymin>183</ymin>
			<xmax>561</xmax>
			<ymax>538</ymax>
		</bndbox>
	</object>
</annotation>
