<annotation>
	<folder>dogs cats</folder>
	<filename>cd34.jpg</filename>
	<path>D:\jobs\internship\picture\dogs cats\cd34.jpg</path>
	<source>
		<database>Unknown</database>
	</source>
	<size>
		<width>1200</width>
		<height>630</height>
		<depth>3</depth>
	</size>
	<segmented>0</segmented>
	<object>
		<name>cat</name>
		<pose>Unspecified</pose>
		<truncated>0</truncated>
		<difficult>0</difficult>
		<bndbox>
			<xmin>713</xmin>
			<ymin>56</ymin>
			<xmax>1044</xmax>
			<ymax>367</ymax>
		</bndbox>
	</object>
	<object>
		<name>dog</name>
		<pose>Unspecified</pose>
		<truncated>1</truncated>
		<difficult>0</difficult>
		<bndbox>
			<xmin>70</xmin>
			<ymin>1</ymin>
			<xmax>613</xmax>
			<ymax>457</ymax>
		</bndbox>
	</object>
</annotation>
