<annotation>
	<folder>dogs cats</folder>
	<filename>cd38.jpg</filename>
	<path>D:\jobs\internship\picture\dogs cats\cd38.jpg</path>
	<source>
		<database>Unknown</database>
	</source>
	<size>
		<width>980</width>
		<height>653</height>
		<depth>3</depth>
	</size>
	<segmented>0</segmented>
	<object>
		<name>cat</name>
		<pose>Unspecified</pose>
		<truncated>0</truncated>
		<difficult>0</difficult>
		<bndbox>
			<xmin>487</xmin>
			<ymin>124</ymin>
			<xmax>640</xmax>
			<ymax>271</ymax>
		</bndbox>
	</object>
	<object>
		<name>dog</name>
		<pose>Unspecified</pose>
		<truncated>0</truncated>
		<difficult>0</difficult>
		<bndbox>
			<xmin>208</xmin>
			<ymin>9</ymin>
			<xmax>431</xmax>
			<ymax>181</ymax>
		</bndbox>
	</object>
</annotation>
