<annotation>
	<folder>dogs cats</folder>
	<filename>cd39.jpg</filename>
	<path>D:\jobs\internship\picture\dogs cats\cd39.jpg</path>
	<source>
		<database>Unknown</database>
	</source>
	<size>
		<width>1600</width>
		<height>1000</height>
		<depth>3</depth>
	</size>
	<segmented>0</segmented>
	<object>
		<name>cat</name>
		<pose>Unspecified</pose>
		<truncated>0</truncated>
		<difficult>0</difficult>
		<bndbox>
			<xmin>866</xmin>
			<ymin>231</ymin>
			<xmax>1295</xmax>
			<ymax>612</ymax>
		</bndbox>
	</object>
	<object>
		<name>dog</name>
		<pose>Unspecified</pose>
		<truncated>0</truncated>
		<difficult>0</difficult>
		<bndbox>
			<xmin>243</xmin>
			<ymin>7</ymin>
			<xmax>855</xmax>
			<ymax>637</ymax>
		</bndbox>
	</object>
</annotation>
