<annotation>
	<folder>dogs cats</folder>
	<filename>cd4.jpg</filename>
	<path>D:\jobs\internship\picture\dogs cats\cd4.jpg</path>
	<source>
		<database>Unknown</database>
	</source>
	<size>
		<width>640</width>
		<height>640</height>
		<depth>3</depth>
	</size>
	<segmented>0</segmented>
	<object>
		<name>dog</name>
		<pose>Unspecified</pose>
		<truncated>0</truncated>
		<difficult>0</difficult>
		<bndbox>
			<xmin>295</xmin>
			<ymin>131</ymin>
			<xmax>449</xmax>
			<ymax>291</ymax>
		</bndbox>
	</object>
	<object>
		<name>cat</name>
		<pose>Unspecified</pose>
		<truncated>0</truncated>
		<difficult>0</difficult>
		<bndbox>
			<xmin>161</xmin>
			<ymin>313</ymin>
			<xmax>306</xmax>
			<ymax>430</ymax>
		</bndbox>
	</object>
</annotation>
