<annotation>
	<folder>dogs cats</folder>
	<filename>cd40.jpg</filename>
	<path>D:\jobs\internship\picture\dogs cats\cd40.jpg</path>
	<source>
		<database>Unknown</database>
	</source>
	<size>
		<width>5500</width>
		<height>2696</height>
		<depth>3</depth>
	</size>
	<segmented>0</segmented>
	<object>
		<name>dog</name>
		<pose>Unspecified</pose>
		<truncated>0</truncated>
		<difficult>0</difficult>
		<bndbox>
			<xmin>60</xmin>
			<ymin>334</ymin>
			<xmax>1307</xmax>
			<ymax>1641</ymax>
		</bndbox>
	</object>
	<object>
		<name>cat</name>
		<pose>Unspecified</pose>
		<truncated>0</truncated>
		<difficult>0</difficult>
		<bndbox>
			<xmin>1287</xmin>
			<ymin>1061</ymin>
			<xmax>2007</xmax>
			<ymax>1748</ymax>
		</bndbox>
	</object>
	<object>
		<name>dog</name>
		<pose>Unspecified</pose>
		<truncated>0</truncated>
		<difficult>0</difficult>
		<bndbox>
			<xmin>2173</xmin>
			<ymin>14</ymin>
			<xmax>3393</xmax>
			<ymax>1181</ymax>
		</bndbox>
	</object>
	<object>
		<name>cat</name>
		<pose>Unspecified</pose>
		<truncated>0</truncated>
		<difficult>0</difficult>
		<bndbox>
			<xmin>3533</xmin>
			<ymin>1134</ymin>
			<xmax>4233</xmax>
			<ymax>1694</ymax>
		</bndbox>
	</object>
	<object>
		<name>dog</name>
		<pose>Unspecified</pose>
		<truncated>0</truncated>
		<difficult>0</difficult>
		<bndbox>
			<xmin>4247</xmin>
			<ymin>461</ymin>
			<xmax>5433</xmax>
			<ymax>1401</ymax>
		</bndbox>
	</object>
</annotation>
