<annotation>
	<folder>dogs cats</folder>
	<filename>cd43.gif</filename>
	<path>D:\jobs\internship\picture\dogs cats\cd43.gif</path>
	<source>
		<database>Unknown</database>
	</source>
	<size>
		<width>1280</width>
		<height>720</height>
		<depth>3</depth>
	</size>
	<segmented>0</segmented>
	<object>
		<name>cat</name>
		<pose>Unspecified</pose>
		<truncated>0</truncated>
		<difficult>0</difficult>
		<bndbox>
			<xmin>240</xmin>
			<ymin>167</ymin>
			<xmax>499</xmax>
			<ymax>395</ymax>
		</bndbox>
	</object>
	<object>
		<name>dog</name>
		<pose>Unspecified</pose>
		<truncated>0</truncated>
		<difficult>0</difficult>
		<bndbox>
			<xmin>515</xmin>
			<ymin>39</ymin>
			<xmax>964</xmax>
			<ymax>323</ymax>
		</bndbox>
	</object>
</annotation>
