<annotation>
	<folder>dogs cats</folder>
	<filename>cd5.jpg</filename>
	<path>D:\jobs\internship\picture\dogs cats\cd5.jpg</path>
	<source>
		<database>Unknown</database>
	</source>
	<size>
		<width>1280</width>
		<height>875</height>
		<depth>3</depth>
	</size>
	<segmented>0</segmented>
	<object>
		<name>dog</name>
		<pose>Unspecified</pose>
		<truncated>0</truncated>
		<difficult>0</difficult>
		<bndbox>
			<xmin>267</xmin>
			<ymin>115</ymin>
			<xmax>682</xmax>
			<ymax>522</ymax>
		</bndbox>
	</object>
	<object>
		<name>cat</name>
		<pose>Unspecified</pose>
		<truncated>0</truncated>
		<difficult>0</difficult>
		<bndbox>
			<xmin>652</xmin>
			<ymin>114</ymin>
			<xmax>1025</xmax>
			<ymax>468</ymax>
		</bndbox>
	</object>
</annotation>
