<annotation>
	<folder>dogs cats</folder>
	<filename>cd51.jpg</filename>
	<path>D:\jobs\internship\picture\dogs cats\cd51.jpg</path>
	<source>
		<database>Unknown</database>
	</source>
	<size>
		<width>750</width>
		<height>499</height>
		<depth>3</depth>
	</size>
	<segmented>0</segmented>
	<object>
		<name>cat</name>
		<pose>Unspecified</pose>
		<truncated>1</truncated>
		<difficult>0</difficult>
		<bndbox>
			<xmin>370</xmin>
			<ymin>1</ymin>
			<xmax>684</xmax>
			<ymax>260</ymax>
		</bndbox>
	</object>
	<object>
		<name>dog</name>
		<pose>Unspecified</pose>
		<truncated>0</truncated>
		<difficult>0</difficult>
		<bndbox>
			<xmin>126</xmin>
			<ymin>21</ymin>
			<xmax>486</xmax>
			<ymax>475</ymax>
		</bndbox>
	</object>
</annotation>
