<annotation>
	<folder>dogs cats</folder>
	<filename>cd53.jpg</filename>
	<path>D:\jobs\internship\picture\dogs cats\cd53.jpg</path>
	<source>
		<database>Unknown</database>
	</source>
	<size>
		<width>600</width>
		<height>408</height>
		<depth>3</depth>
	</size>
	<segmented>0</segmented>
	<object>
		<name>dog</name>
		<pose>Unspecified</pose>
		<truncated>0</truncated>
		<difficult>0</difficult>
		<bndbox>
			<xmin>66</xmin>
			<ymin>41</ymin>
			<xmax>271</xmax>
			<ymax>201</ymax>
		</bndbox>
	</object>
	<object>
		<name>cat</name>
		<pose>Unspecified</pose>
		<truncated>0</truncated>
		<difficult>0</difficult>
		<bndbox>
			<xmin>305</xmin>
			<ymin>104</ymin>
			<xmax>453</xmax>
			<ymax>275</ymax>
		</bndbox>
	</object>
</annotation>
