<annotation>
	<folder>dogs cats</folder>
	<filename>cd55.jpg</filename>
	<path>D:\jobs\internship\picture\dogs cats\cd55.jpg</path>
	<source>
		<database>Unknown</database>
	</source>
	<size>
		<width>527</width>
		<height>350</height>
		<depth>3</depth>
	</size>
	<segmented>0</segmented>
	<object>
		<name>cat</name>
		<pose>Unspecified</pose>
		<truncated>0</truncated>
		<difficult>0</difficult>
		<bndbox>
			<xmin>266</xmin>
			<ymin>17</ymin>
			<xmax>480</xmax>
			<ymax>227</ymax>
		</bndbox>
	</object>
	<object>
		<name>dog</name>
		<pose>Unspecified</pose>
		<truncated>0</truncated>
		<difficult>0</difficult>
		<bndbox>
			<xmin>3</xmin>
			<ymin>15</ymin>
			<xmax>296</xmax>
			<ymax>311</ymax>
		</bndbox>
	</object>
</annotation>
