<annotation>
	<folder>dogs cats</folder>
	<filename>cd57.jpg</filename>
	<path>D:\jobs\internship\picture\dogs cats\cd57.jpg</path>
	<source>
		<database>Unknown</database>
	</source>
	<size>
		<width>719</width>
		<height>370</height>
		<depth>3</depth>
	</size>
	<segmented>0</segmented>
	<object>
		<name>dog</name>
		<pose>Unspecified</pose>
		<truncated>0</truncated>
		<difficult>0</difficult>
		<bndbox>
			<xmin>303</xmin>
			<ymin>7</ymin>
			<xmax>593</xmax>
			<ymax>297</ymax>
		</bndbox>
	</object>
	<object>
		<name>cat</name>
		<pose>Unspecified</pose>
		<truncated>0</truncated>
		<difficult>0</difficult>
		<bndbox>
			<xmin>101</xmin>
			<ymin>139</ymin>
			<xmax>290</xmax>
			<ymax>288</ymax>
		</bndbox>
	</object>
</annotation>
