<annotation>
	<folder>dogs cats</folder>
	<filename>cd59.jpg</filename>
	<path>D:\jobs\internship\picture\dogs cats\cd59.jpg</path>
	<source>
		<database>Unknown</database>
	</source>
	<size>
		<width>1280</width>
		<height>720</height>
		<depth>3</depth>
	</size>
	<segmented>0</segmented>
	<object>
		<name>dog</name>
		<pose>Unspecified</pose>
		<truncated>1</truncated>
		<difficult>0</difficult>
		<bndbox>
			<xmin>611</xmin>
			<ymin>1</ymin>
			<xmax>1100</xmax>
			<ymax>384</ymax>
		</bndbox>
	</object>
	<object>
		<name>cat</name>
		<pose>Unspecified</pose>
		<truncated>0</truncated>
		<difficult>0</difficult>
		<bndbox>
			<xmin>705</xmin>
			<ymin>287</ymin>
			<xmax>1202</xmax>
			<ymax>642</ymax>
		</bndbox>
	</object>
</annotation>
