<annotation>
	<folder>dogs cats</folder>
	<filename>cd63.jpg</filename>
	<path>D:\jobs\internship\picture\dogs cats\cd63.jpg</path>
	<source>
		<database>Unknown</database>
	</source>
	<size>
		<width>900</width>
		<height>720</height>
		<depth>3</depth>
	</size>
	<segmented>0</segmented>
	<object>
		<name>cat</name>
		<pose>Unspecified</pose>
		<truncated>0</truncated>
		<difficult>0</difficult>
		<bndbox>
			<xmin>483</xmin>
			<ymin>93</ymin>
			<xmax>695</xmax>
			<ymax>298</ymax>
		</bndbox>
	</object>
	<object>
		<name>dog</name>
		<pose>Unspecified</pose>
		<truncated>0</truncated>
		<difficult>0</difficult>
		<bndbox>
			<xmin>113</xmin>
			<ymin>47</ymin>
			<xmax>439</xmax>
			<ymax>322</ymax>
		</bndbox>
	</object>
</annotation>
