<annotation>
	<folder>dogs cats</folder>
	<filename>cd64.jpg</filename>
	<path>D:\jobs\internship\picture\dogs cats\cd64.jpg</path>
	<source>
		<database>Unknown</database>
	</source>
	<size>
		<width>800</width>
		<height>533</height>
		<depth>3</depth>
	</size>
	<segmented>0</segmented>
	<object>
		<name>cat</name>
		<pose>Unspecified</pose>
		<truncated>0</truncated>
		<difficult>0</difficult>
		<bndbox>
			<xmin>87</xmin>
			<ymin>127</ymin>
			<xmax>250</xmax>
			<ymax>277</ymax>
		</bndbox>
	</object>
	<object>
		<name>dog</name>
		<pose>Unspecified</pose>
		<truncated>0</truncated>
		<difficult>0</difficult>
		<bndbox>
			<xmin>305</xmin>
			<ymin>101</ymin>
			<xmax>510</xmax>
			<ymax>327</ymax>
		</bndbox>
	</object>
</annotation>
