<annotation>
	<folder>dogs cats</folder>
	<filename>cd66.jpg</filename>
	<path>D:\jobs\internship\picture\dogs cats\cd66.jpg</path>
	<source>
		<database>Unknown</database>
	</source>
	<size>
		<width>670</width>
		<height>534</height>
		<depth>3</depth>
	</size>
	<segmented>0</segmented>
	<object>
		<name>cat</name>
		<pose>Unspecified</pose>
		<truncated>0</truncated>
		<difficult>0</difficult>
		<bndbox>
			<xmin>94</xmin>
			<ymin>322</ymin>
			<xmax>279</xmax>
			<ymax>473</ymax>
		</bndbox>
	</object>
	<object>
		<name>dog</name>
		<pose>Unspecified</pose>
		<truncated>0</truncated>
		<difficult>0</difficult>
		<bndbox>
			<xmin>303</xmin>
			<ymin>139</ymin>
			<xmax>580</xmax>
			<ymax>423</ymax>
		</bndbox>
	</object>
</annotation>
