<annotation>
	<folder>dogs cats</folder>
	<filename>cd67.jpg</filename>
	<path>D:\jobs\internship\picture\dogs cats\cd67.jpg</path>
	<source>
		<database>Unknown</database>
	</source>
	<size>
		<width>710</width>
		<height>444</height>
		<depth>3</depth>
	</size>
	<segmented>0</segmented>
	<object>
		<name>dog</name>
		<pose>Unspecified</pose>
		<truncated>0</truncated>
		<difficult>0</difficult>
		<bndbox>
			<xmin>132</xmin>
			<ymin>5</ymin>
			<xmax>417</xmax>
			<ymax>222</ymax>
		</bndbox>
	</object>
	<object>
		<name>cat</name>
		<pose>Unspecified</pose>
		<truncated>0</truncated>
		<difficult>0</difficult>
		<bndbox>
			<xmin>432</xmin>
			<ymin>9</ymin>
			<xmax>629</xmax>
			<ymax>210</ymax>
		</bndbox>
	</object>
</annotation>
