<annotation>
	<folder>dogs cats</folder>
	<filename>cd7.jpg</filename>
	<path>D:\jobs\internship\picture\dogs cats\cd7.jpg</path>
	<source>
		<database>Unknown</database>
	</source>
	<size>
		<width>1300</width>
		<height>1300</height>
		<depth>3</depth>
	</size>
	<segmented>0</segmented>
	<object>
		<name>cat</name>
		<pose>Unspecified</pose>
		<truncated>0</truncated>
		<difficult>0</difficult>
		<bndbox>
			<xmin>339</xmin>
			<ymin>303</ymin>
			<xmax>613</xmax>
			<ymax>666</ymax>
		</bndbox>
	</object>
	<object>
		<name>dog</name>
		<pose>Unspecified</pose>
		<truncated>0</truncated>
		<difficult>0</difficult>
		<bndbox>
			<xmin>566</xmin>
			<ymin>130</ymin>
			<xmax>1027</xmax>
			<ymax>536</ymax>
		</bndbox>
	</object>
</annotation>
