<annotation>
	<folder>dogs cats</folder>
	<filename>cd1.jpg</filename>
	<path>D:\jobs\internship\picture\dogs cats\cd1.jpg</path>
	<source>
		<database>Unknown</database>
	</source>
	<size>
		<width>940</width>
		<height>572</height>
		<depth>3</depth>
	</size>
	<segmented>0</segmented>
	<object>
		<name>dog</name>
		<pose>Unspecified</pose>
		<truncated>0</truncated>
		<difficult>0</difficult>
		<bndbox>
			<xmin>85</xmin>
			<ymin>14</ymin>
			<xmax>448</xmax>
			<ymax>389</ymax>
		</bndbox>
	</object>
	<object>
		<name>cat</name>
		<pose>Unspecified</pose>
		<truncated>0</truncated>
		<difficult>0</difficult>
		<bndbox>
			<xmin>623</xmin>
			<ymin>180</ymin>
			<xmax>857</xmax>
			<ymax>405</ymax>
		</bndbox>
	</object>
</annotation>
