<annotation>
	<folder>dogs cats</folder>
	<filename>cd10.jpg</filename>
	<path>D:\jobs\internship\picture\dogs cats\cd10.jpg</path>
	<source>
		<database>Unknown</database>
	</source>
	<size>
		<width>1300</width>
		<height>928</height>
		<depth>3</depth>
	</size>
	<segmented>0</segmented>
	<object>
		<name>dog</name>
		<pose>Unspecified</pose>
		<truncated>0</truncated>
		<difficult>0</difficult>
		<bndbox>
			<xmin>434</xmin>
			<ymin>303</ymin>
			<xmax>682</xmax>
			<ymax>540</ymax>
		</bndbox>
	</object>
	<object>
		<name>cat</name>
		<pose>Unspecified</pose>
		<truncated>0</truncated>
		<difficult>0</difficult>
		<bndbox>
			<xmin>752</xmin>
			<ymin>421</ymin>
			<xmax>937</xmax>
			<ymax>613</ymax>
		</bndbox>
	</object>
</annotation>
