<annotation>
	<folder>dogs cats</folder>
	<filename>cd11.jpg</filename>
	<path>D:\jobs\internship\picture\dogs cats\cd11.jpg</path>
	<source>
		<database>Unknown</database>
	</source>
	<size>
		<width>1600</width>
		<height>1000</height>
		<depth>3</depth>
	</size>
	<segmented>0</segmented>
	<object>
		<name>dog</name>
		<pose>Unspecified</pose>
		<truncated>0</truncated>
		<difficult>0</difficult>
		<bndbox>
			<xmin>629</xmin>
			<ymin>159</ymin>
			<xmax>1045</xmax>
			<ymax>588</ymax>
		</bndbox>
	</object>
	<object>
		<name>cat</name>
		<pose>Unspecified</pose>
		<truncated>0</truncated>
		<difficult>0</difficult>
		<bndbox>
			<xmin>1025</xmin>
			<ymin>168</ymin>
			<xmax>1490</xmax>
			<ymax>674</ymax>
		</bndbox>
	</object>
</annotation>
