<annotation>
	<folder>dogs cats</folder>
	<filename>cd13.jpg</filename>
	<path>D:\jobs\internship\picture\dogs cats\cd13.jpg</path>
	<source>
		<database>Unknown</database>
	</source>
	<size>
		<width>800</width>
		<height>552</height>
		<depth>3</depth>
	</size>
	<segmented>0</segmented>
	<object>
		<name>cat</name>
		<pose>Unspecified</pose>
		<truncated>0</truncated>
		<difficult>0</difficult>
		<bndbox>
			<xmin>433</xmin>
			<ymin>67</ymin>
			<xmax>633</xmax>
			<ymax>292</ymax>
		</bndbox>
	</object>
	<object>
		<name>dog</name>
		<pose>Unspecified</pose>
		<truncated>0</truncated>
		<difficult>0</difficult>
		<bndbox>
			<xmin>141</xmin>
			<ymin>70</ymin>
			<xmax>466</xmax>
			<ymax>325</ymax>
		</bndbox>
	</object>
</annotation>
