<annotation verified="yes">
	<folder>dogs cats</folder>
	<filename>cd18.jpg</filename>
	<path>D:\jobs\internship\picture\dogs cats\cd18.jpg</path>
	<source>
		<database>Unknown</database>
	</source>
	<size>
		<width>500</width>
		<height>332</height>
		<depth>3</depth>
	</size>
	<segmented>0</segmented>
	<object>
		<name>cat</name>
		<pose>Unspecified</pose>
		<truncated>0</truncated>
		<difficult>0</difficult>
		<bndbox>
			<xmin>208</xmin>
			<ymin>145</ymin>
			<xmax>311</xmax>
			<ymax>245</ymax>
		</bndbox>
	</object>
	<object>
		<name>dog</name>
		<pose>Unspecified</pose>
		<truncated>0</truncated>
		<difficult>0</difficult>
		<bndbox>
			<xmin>38</xmin>
			<ymin>2</ymin>
			<xmax>205</xmax>
			<ymax>172</ymax>
		</bndbox>
	</object>
</annotation>
