<annotation>
	<folder>dogs cats</folder>
	<filename>cd19.jpg</filename>
	<path>D:\jobs\internship\picture\dogs cats\cd19.jpg</path>
	<source>
		<database>Unknown</database>
	</source>
	<size>
		<width>1160</width>
		<height>1016</height>
		<depth>3</depth>
	</size>
	<segmented>0</segmented>
	<object>
		<name>dog</name>
		<pose>Unspecified</pose>
		<truncated>0</truncated>
		<difficult>0</difficult>
		<bndbox>
			<xmin>513</xmin>
			<ymin>41</ymin>
			<xmax>1006</xmax>
			<ymax>398</ymax>
		</bndbox>
	</object>
	<object>
		<name>cat</name>
		<pose>Unspecified</pose>
		<truncated>0</truncated>
		<difficult>0</difficult>
		<bndbox>
			<xmin>79</xmin>
			<ymin>201</ymin>
			<xmax>426</xmax>
			<ymax>503</ymax>
		</bndbox>
	</object>
</annotation>
