<annotation>
	<folder>dogs cats</folder>
	<filename>cd21.jpg</filename>
	<path>D:\jobs\internship\picture\dogs cats\cd21.jpg</path>
	<source>
		<database>Unknown</database>
	</source>
	<size>
		<width>900</width>
		<height>900</height>
		<depth>3</depth>
	</size>
	<segmented>0</segmented>
	<object>
		<name>dog</name>
		<pose>Unspecified</pose>
		<truncated>0</truncated>
		<difficult>0</difficult>
		<bndbox>
			<xmin>501</xmin>
			<ymin>325</ymin>
			<xmax>867</xmax>
			<ymax>640</ymax>
		</bndbox>
	</object>
	<object>
		<name>cat</name>
		<pose>Unspecified</pose>
		<truncated>0</truncated>
		<difficult>0</difficult>
		<bndbox>
			<xmin>147</xmin>
			<ymin>58</ymin>
			<xmax>471</xmax>
			<ymax>404</ymax>
		</bndbox>
	</object>
</annotation>
