<annotation>
	<folder>dogs cats</folder>
	<filename>cd29.jpeg</filename>
	<path>D:\jobs\internship\picture\dogs cats\cd29.jpeg</path>
	<source>
		<database>Unknown</database>
	</source>
	<size>
		<width>1620</width>
		<height>1080</height>
		<depth>3</depth>
	</size>
	<segmented>0</segmented>
	<object>
		<name>cat</name>
		<pose>Unspecified</pose>
		<truncated>0</truncated>
		<difficult>0</difficult>
		<bndbox>
			<xmin>1020</xmin>
			<ymin>464</ymin>
			<xmax>1240</xmax>
			<ymax>671</ymax>
		</bndbox>
	</object>
	<object>
		<name>dog</name>
		<pose>Unspecified</pose>
		<truncated>0</truncated>
		<difficult>0</difficult>
		<bndbox>
			<xmin>439</xmin>
			<ymin>162</ymin>
			<xmax>939</xmax>
			<ymax>614</ymax>
		</bndbox>
	</object>
</annotation>
