<annotation>
	<folder>dogs cats</folder>
	<filename>cd30.jpg</filename>
	<path>D:\jobs\internship\picture\dogs cats\cd30.jpg</path>
	<source>
		<database>Unknown</database>
	</source>
	<size>
		<width>800</width>
		<height>800</height>
		<depth>3</depth>
	</size>
	<segmented>0</segmented>
	<object>
		<name>cat</name>
		<pose>Unspecified</pose>
		<truncated>0</truncated>
		<difficult>0</difficult>
		<bndbox>
			<xmin>417</xmin>
			<ymin>220</ymin>
			<xmax>613</xmax>
			<ymax>429</ymax>
		</bndbox>
	</object>
	<object>
		<name>dog</name>
		<pose>Unspecified</pose>
		<truncated>0</truncated>
		<difficult>0</difficult>
		<bndbox>
			<xmin>142</xmin>
			<ymin>60</ymin>
			<xmax>447</xmax>
			<ymax>322</ymax>
		</bndbox>
	</object>
</annotation>
