<annotation>
	<folder>dogs cats</folder>
	<filename>cd31.jpg</filename>
	<path>D:\jobs\internship\picture\dogs cats\cd31.jpg</path>
	<source>
		<database>Unknown</database>
	</source>
	<size>
		<width>842</width>
		<height>568</height>
		<depth>3</depth>
	</size>
	<segmented>0</segmented>
	<object>
		<name>dog</name>
		<pose>Unspecified</pose>
		<truncated>0</truncated>
		<difficult>0</difficult>
		<bndbox>
			<xmin>493</xmin>
			<ymin>74</ymin>
			<xmax>782</xmax>
			<ymax>359</ymax>
		</bndbox>
	</object>
	<object>
		<name>dog</name>
		<pose>Unspecified</pose>
		<truncated>1</truncated>
		<difficult>0</difficult>
		<bndbox>
			<xmin>2</xmin>
			<ymin>1</ymin>
			<xmax>512</xmax>
			<ymax>532</ymax>
		</bndbox>
	</object>
</annotation>
