<annotation>
	<folder>dogs cats</folder>
	<filename>cd35.jpg</filename>
	<path>D:\jobs\internship\picture\dogs cats\cd35.jpg</path>
	<source>
		<database>Unknown</database>
	</source>
	<size>
		<width>850</width>
		<height>477</height>
		<depth>3</depth>
	</size>
	<segmented>0</segmented>
	<object>
		<name>cat</name>
		<pose>Unspecified</pose>
		<truncated>0</truncated>
		<difficult>0</difficult>
		<bndbox>
			<xmin>363</xmin>
			<ymin>5</ymin>
			<xmax>621</xmax>
			<ymax>263</ymax>
		</bndbox>
	</object>
	<object>
		<name>dog</name>
		<pose>Unspecified</pose>
		<truncated>0</truncated>
		<difficult>0</difficult>
		<bndbox>
			<xmin>169</xmin>
			<ymin>166</ymin>
			<xmax>463</xmax>
			<ymax>466</ymax>
		</bndbox>
	</object>
</annotation>
