<annotation>
	<folder>dogs cats</folder>
	<filename>cd42.jpg</filename>
	<path>D:\jobs\internship\picture\dogs cats\cd42.jpg</path>
	<source>
		<database>Unknown</database>
	</source>
	<size>
		<width>850</width>
		<height>634</height>
		<depth>3</depth>
	</size>
	<segmented>0</segmented>
	<object>
		<name>cat</name>
		<pose>Unspecified</pose>
		<truncated>0</truncated>
		<difficult>0</difficult>
		<bndbox>
			<xmin>480</xmin>
			<ymin>60</ymin>
			<xmax>813</xmax>
			<ymax>432</ymax>
		</bndbox>
	</object>
	<object>
		<name>dog</name>
		<pose>Unspecified</pose>
		<truncated>0</truncated>
		<difficult>0</difficult>
		<bndbox>
			<xmin>203</xmin>
			<ymin>46</ymin>
			<xmax>510</xmax>
			<ymax>480</ymax>
		</bndbox>
	</object>
</annotation>
