<annotation>
	<folder>dogs cats</folder>
	<filename>cd44.jpg</filename>
	<path>D:\jobs\internship\picture\dogs cats\cd44.jpg</path>
	<source>
		<database>Unknown</database>
	</source>
	<size>
		<width>986</width>
		<height>555</height>
		<depth>3</depth>
	</size>
	<segmented>0</segmented>
	<object>
		<name>dog</name>
		<pose>Unspecified</pose>
		<truncated>0</truncated>
		<difficult>0</difficult>
		<bndbox>
			<xmin>237</xmin>
			<ymin>10</ymin>
			<xmax>556</xmax>
			<ymax>244</ymax>
		</bndbox>
	</object>
	<object>
		<name>cat</name>
		<pose>Unspecified</pose>
		<truncated>1</truncated>
		<difficult>0</difficult>
		<bndbox>
			<xmin>534</xmin>
			<ymin>1</ymin>
			<xmax>737</xmax>
			<ymax>200</ymax>
		</bndbox>
	</object>
</annotation>
