<annotation>
	<folder>dogs cats</folder>
	<filename>cd48.jpg</filename>
	<path>D:\jobs\internship\picture\dogs cats\cd48.jpg</path>
	<source>
		<database>Unknown</database>
	</source>
	<size>
		<width>1024</width>
		<height>683</height>
		<depth>3</depth>
	</size>
	<segmented>0</segmented>
	<object>
		<name>cat</name>
		<pose>Unspecified</pose>
		<truncated>0</truncated>
		<difficult>0</difficult>
		<bndbox>
			<xmin>375</xmin>
			<ymin>371</ymin>
			<xmax>598</xmax>
			<ymax>569</ymax>
		</bndbox>
	</object>
	<object>
		<name>dog</name>
		<pose>Unspecified</pose>
		<truncated>0</truncated>
		<difficult>0</difficult>
		<bndbox>
			<xmin>145</xmin>
			<ymin>27</ymin>
			<xmax>603</xmax>
			<ymax>426</ymax>
		</bndbox>
	</object>
</annotation>
