<annotation>
	<folder>dogs cats</folder>
	<filename>cd49.jpg</filename>
	<path>D:\jobs\internship\picture\dogs cats\cd49.jpg</path>
	<source>
		<database>Unknown</database>
	</source>
	<size>
		<width>480</width>
		<height>360</height>
		<depth>3</depth>
	</size>
	<segmented>0</segmented>
	<object>
		<name>cat</name>
		<pose>Unspecified</pose>
		<truncated>0</truncated>
		<difficult>0</difficult>
		<bndbox>
			<xmin>226</xmin>
			<ymin>51</ymin>
			<xmax>438</xmax>
			<ymax>276</ymax>
		</bndbox>
	</object>
	<object>
		<name>dog</name>
		<pose>Unspecified</pose>
		<truncated>0</truncated>
		<difficult>0</difficult>
		<bndbox>
			<xmin>29</xmin>
			<ymin>134</ymin>
			<xmax>286</xmax>
			<ymax>316</ymax>
		</bndbox>
	</object>
</annotation>
