<annotation>
	<folder>dogs cats</folder>
	<filename>cd58.jpg</filename>
	<path>D:\jobs\internship\picture\dogs cats\cd58.jpg</path>
	<source>
		<database>Unknown</database>
	</source>
	<size>
		<width>660</width>
		<height>372</height>
		<depth>3</depth>
	</size>
	<segmented>0</segmented>
	<object>
		<name>cat</name>
		<pose>Unspecified</pose>
		<truncated>0</truncated>
		<difficult>0</difficult>
		<bndbox>
			<xmin>173</xmin>
			<ymin>143</ymin>
			<xmax>366</xmax>
			<ymax>304</ymax>
		</bndbox>
	</object>
	<object>
		<name>dog</name>
		<pose>Unspecified</pose>
		<truncated>0</truncated>
		<difficult>0</difficult>
		<bndbox>
			<xmin>321</xmin>
			<ymin>169</ymin>
			<xmax>569</xmax>
			<ymax>368</ymax>
		</bndbox>
	</object>
</annotation>
