<annotation>
	<folder>dogs cats</folder>
	<filename>cd61.jpg</filename>
	<path>D:\jobs\internship\picture\dogs cats\cd61.jpg</path>
	<source>
		<database>Unknown</database>
	</source>
	<size>
		<width>750</width>
		<height>500</height>
		<depth>3</depth>
	</size>
	<segmented>0</segmented>
	<object>
		<name>cat</name>
		<pose>Unspecified</pose>
		<truncated>0</truncated>
		<difficult>0</difficult>
		<bndbox>
			<xmin>413</xmin>
			<ymin>169</ymin>
			<xmax>584</xmax>
			<ymax>318</ymax>
		</bndbox>
	</object>
	<object>
		<name>dog</name>
		<pose>Unspecified</pose>
		<truncated>0</truncated>
		<difficult>0</difficult>
		<bndbox>
			<xmin>226</xmin>
			<ymin>16</ymin>
			<xmax>498</xmax>
			<ymax>350</ymax>
		</bndbox>
	</object>
</annotation>
