<annotation>
	<folder>dogs cats</folder>
	<filename>cd68.jpg</filename>
	<path>D:\jobs\internship\picture\dogs cats\cd68.jpg</path>
	<source>
		<database>Unknown</database>
	</source>
	<size>
		<width>512</width>
		<height>384</height>
		<depth>3</depth>
	</size>
	<segmented>0</segmented>
	<object>
		<name>dog</name>
		<pose>Unspecified</pose>
		<truncated>0</truncated>
		<difficult>0</difficult>
		<bndbox>
			<xmin>24</xmin>
			<ymin>3</ymin>
			<xmax>308</xmax>
			<ymax>263</ymax>
		</bndbox>
	</object>
	<object>
		<name>cat</name>
		<pose>Unspecified</pose>
		<truncated>0</truncated>
		<difficult>0</difficult>
		<bndbox>
			<xmin>294</xmin>
			<ymin>55</ymin>
			<xmax>495</xmax>
			<ymax>238</ymax>
		</bndbox>
	</object>
</annotation>
