<annotation>
	<folder>dogs cats</folder>
	<filename>cd69.jpg</filename>
	<path>D:\jobs\internship\picture\dogs cats\cd69.jpg</path>
	<source>
		<database>Unknown</database>
	</source>
	<size>
		<width>640</width>
		<height>400</height>
		<depth>3</depth>
	</size>
	<segmented>0</segmented>
	<object>
		<name>cat</name>
		<pose>Unspecified</pose>
		<truncated>0</truncated>
		<difficult>0</difficult>
		<bndbox>
			<xmin>128</xmin>
			<ymin>188</ymin>
			<xmax>306</xmax>
			<ymax>351</ymax>
		</bndbox>
	</object>
	<object>
		<name>dog</name>
		<pose>Unspecified</pose>
		<truncated>0</truncated>
		<difficult>0</difficult>
		<bndbox>
			<xmin>253</xmin>
			<ymin>5</ymin>
			<xmax>562</xmax>
			<ymax>362</ymax>
		</bndbox>
	</object>
</annotation>
